{
  "Id": 999999,
  "CommonName": "digi_doc_signing_ind_500",
  "TemplateName": "digi_doc_signing_ind_500",
  "Oid": "Replace OID",
  "KeySize": "2048",
  "KeyType": "RSA",
  "ForestRoot": "keyfactor.lab",
  "FriendlyName": "Replace Friendly Name",
  "KeyRetention": "AfterExpiration",
  "KeyRetentionDays": 55,
  "KeyArchival": false,
  "EnrollmentFields": [
    {
      "Id": 38855,
      "Name": "Is CU Order?",
      "Options": [
        "False",
        "True"
      ],
      "DataType": 2
    },
    {
      "Id": 38856,
      "Name": "Is Renewal Order?",
      "Options": [
        "False",
        "True"
      ],
      "DataType": 2
    },
    {
      "Id": 38857,
      "Name": "Is Trial Order?",
      "Options": [
        "False",
        "True"
      ],
      "DataType": 2
    },
    {
      "Id": 38858,
      "Name": "Admin Contact - First Name",
      "Options": [
        ""
      ],
      "DataType": 1
    },
    {
      "Id": 38859,
      "Name": "Admin Contact - Last Name",
      "Options": [
        ""
      ],
      "DataType": 1
    },
    {
      "Id": 38860,
      "Name": "Admin Contact - Phone",
      "Options": [
        ""
      ],
      "DataType": 1
    },
    {
      "Id": 38861,
      "Name": "Admin Contact - Email",
      "Options": [
        ""
      ],
      "DataType": 1
    },
    {
      "Id": 38862,
      "Name": "Admin Contact - Organization Name",
      "Options": [
        ""
      ],
      "DataType": 1
    },
    {
      "Id": 38863,
      "Name": "Admin Contact - Address",
      "Options": [
        ""
      ],
      "DataType": 1
    },
    {
      "Id": 38864,
      "Name": "Admin Contact - City",
      "Options": [
        ""
      ],
      "DataType": 1
    },
    {
      "Id": 38865,
      "Name": "Admin Contact - Region",
      "Options": [
        ""
      ],
      "DataType": 1
    },
    {
      "Id": 38866,
      "Name": "Admin Contact - Postal Code",
      "Options": [
        ""
      ],
      "DataType": 1
    },
    {
      "Id": 38867,
      "Name": "Admin Contact - Country",
      "Options": [
        "US",
        "AF",
        "AX",
        "AL",
        "DZ",
        "AS",
        "AD",
        "AO",
        "AI",
        "AQ",
        "AG",
        "AR",
        "AM",
        "AW",
        "AU",
        "AT",
        "AZ",
        "BS",
        "BH",
        "BD",
        "BB",
        "BY",
        "BE",
        "BZ",
        "BJ",
        "BM",
        "BT",
        "BO",
        "BQ",
        "BA",
        "BW",
        "BV",
        "BR",
        "IO",
        "BN",
        "BG",
        "BF",
        "BI",
        "CV",
        "KH",
        "CM",
        "CA",
        "KY",
        "CF",
        "TD",
        "CL",
        "CN",
        "CX",
        "CC",
        "CO",
        "KM",
        "CG",
        "CD",
        "CK",
        "CR",
        "CI",
        "HR",
        "CU",
        "CW",
        "CY",
        "CZ",
        "DK",
        "DJ",
        "DM",
        "DO",
        "EC",
        "EG",
        "SV",
        "GQ",
        "ER",
        "EE",
        "SZ",
        "ET",
        "FK",
        "FO",
        "FJ",
        "FI",
        "FR",
        "GF",
        "PF",
        "TF",
        "GA",
        "GM",
        "GE",
        "DE",
        "GH",
        "GI",
        "GR",
        "GL",
        "GD",
        "GP",
        "GU",
        "GT",
        "GG",
        "GN",
        "GW",
        "GY",
        "HT",
        "HM",
        "VA",
        "HN",
        "HK",
        "HU",
        "IS",
        "IN",
        "ID",
        "IR",
        "IQ",
        "IE",
        "IM",
        "IL",
        "IT",
        "JM",
        "JP",
        "JE",
        "JO",
        "KZ",
        "KE",
        "KI",
        "KP",
        "KR",
        "KW",
        "KG",
        "LA",
        "LV",
        "LB",
        "LS",
        "LR",
        "LY",
        "LI",
        "LT",
        "LU",
        "MO",
        "MG",
        "MW",
        "MY",
        "MV",
        "ML",
        "MT",
        "MH",
        "MQ",
        "MR",
        "MU",
        "YT",
        "MX",
        "FM",
        "MD",
        "MC",
        "MN",
        "ME",
        "MS",
        "MA",
        "MZ",
        "MM",
        "NA",
        "NR",
        "NP",
        "NL",
        "NC",
        "NZ",
        "NI",
        "NE",
        "NG",
        "NU",
        "NF",
        "MK",
        "MP",
        "NO",
        "OM",
        "PK",
        "PW",
        "PS",
        "PA",
        "PG",
        "PY",
        "PE",
        "PH",
        "PN",
        "PL",
        "PT",
        "PR",
        "QA",
        "RE",
        "RO",
        "RU",
        "RW",
        "BL",
        "SH",
        "KN",
        "LC",
        "MF",
        "PM",
        "VC",
        "WS",
        "SM",
        "ST",
        "SA",
        "SN",
        "RS",
        "SC",
        "SL",
        "SG",
        "SX",
        "SK",
        "SI",
        "SB",
        "SO",
        "ZA",
        "GS",
        "SS",
        "ES",
        "LK",
        "SD",
        "SR",
        "SJ",
        "SE",
        "CH",
        "SY",
        "TW",
        "TJ",
        "TZ",
        "TH",
        "TL",
        "TG",
        "TK",
        "TO",
        "TT",
        "TN",
        "TR",
        "TM",
        "TC",
        "TV",
        "UG",
        "UA",
        "AE",
        "GB",
        "UM",
        "UY",
        "UZ",
        "VU",
        "VE",
        "VN",
        "VG",
        "VI",
        "WF",
        "EH",
        "YE",
        "ZM",
        "ZW"
      ],
      "DataType": 2
    },
    {
      "Id": 38868,
      "Name": "Technical Contact - First Name",
      "Options": [
        ""
      ],
      "DataType": 1
    },
    {
      "Id": 38869,
      "Name": "Technical Contact - Last Name",
      "Options": [
        ""
      ],
      "DataType": 1
    },
    {
      "Id": 38870,
      "Name": "Technical Contact - Phone",
      "Options": [
        ""
      ],
      "DataType": 1
    },
    {
      "Id": 38871,
      "Name": "Technical Contact - Email",
      "Options": [
        ""
      ],
      "DataType": 1
    },
    {
      "Id": 38872,
      "Name": "Technical Contact - Organization Name",
      "Options": [
        ""
      ],
      "DataType": 1
    },
    {
      "Id": 38873,
      "Name": "Technical Contact - Address",
      "Options": [
        ""
      ],
      "DataType": 1
    },
    {
      "Id": 38874,
      "Name": "Technical Contact - City",
      "Options": [
        ""
      ],
      "DataType": 1
    },
    {
      "Id": 38875,
      "Name": "Technical Contact - Region",
      "Options": [
        ""
      ],
      "DataType": 1
    },
    {
      "Id": 38876,
      "Name": "Technical Contact - Postal Code",
      "Options": [
        ""
      ],
      "DataType": 1
    },
    {
      "Id": 38877,
      "Name": "Technical Contact - Country",
      "Options": [
        "US",
        "AF",
        "AX",
        "AL",
        "DZ",
        "AS",
        "AD",
        "AO",
        "AI",
        "AQ",
        "AG",
        "AR",
        "AM",
        "AW",
        "AU",
        "AT",
        "AZ",
        "BS",
        "BH",
        "BD",
        "BB",
        "BY",
        "BE",
        "BZ",
        "BJ",
        "BM",
        "BT",
        "BO",
        "BQ",
        "BA",
        "BW",
        "BV",
        "BR",
        "IO",
        "BN",
        "BG",
        "BF",
        "BI",
        "CV",
        "KH",
        "CM",
        "CA",
        "KY",
        "CF",
        "TD",
        "CL",
        "CN",
        "CX",
        "CC",
        "CO",
        "KM",
        "CG",
        "CD",
        "CK",
        "CR",
        "CI",
        "HR",
        "CU",
        "CW",
        "CY",
        "CZ",
        "DK",
        "DJ",
        "DM",
        "DO",
        "EC",
        "EG",
        "SV",
        "GQ",
        "ER",
        "EE",
        "SZ",
        "ET",
        "FK",
        "FO",
        "FJ",
        "FI",
        "FR",
        "GF",
        "PF",
        "TF",
        "GA",
        "GM",
        "GE",
        "DE",
        "GH",
        "GI",
        "GR",
        "GL",
        "GD",
        "GP",
        "GU",
        "GT",
        "GG",
        "GN",
        "GW",
        "GY",
        "HT",
        "HM",
        "VA",
        "HN",
        "HK",
        "HU",
        "IS",
        "IN",
        "ID",
        "IR",
        "IQ",
        "IE",
        "IM",
        "IL",
        "IT",
        "JM",
        "JP",
        "JE",
        "JO",
        "KZ",
        "KE",
        "KI",
        "KP",
        "KR",
        "KW",
        "KG",
        "LA",
        "LV",
        "LB",
        "LS",
        "LR",
        "LY",
        "LI",
        "LT",
        "LU",
        "MO",
        "MG",
        "MW",
        "MY",
        "MV",
        "ML",
        "MT",
        "MH",
        "MQ",
        "MR",
        "MU",
        "YT",
        "MX",
        "FM",
        "MD",
        "MC",
        "MN",
        "ME",
        "MS",
        "MA",
        "MZ",
        "MM",
        "NA",
        "NR",
        "NP",
        "NL",
        "NC",
        "NZ",
        "NI",
        "NE",
        "NG",
        "NU",
        "NF",
        "MK",
        "MP",
        "NO",
        "OM",
        "PK",
        "PW",
        "PS",
        "PA",
        "PG",
        "PY",
        "PE",
        "PH",
        "PN",
        "PL",
        "PT",
        "PR",
        "QA",
        "RE",
        "RO",
        "RU",
        "RW",
        "BL",
        "SH",
        "KN",
        "LC",
        "MF",
        "PM",
        "VC",
        "WS",
        "SM",
        "ST",
        "SA",
        "SN",
        "RS",
        "SC",
        "SL",
        "SG",
        "SX",
        "SK",
        "SI",
        "SB",
        "SO",
        "ZA",
        "GS",
        "SS",
        "ES",
        "LK",
        "SD",
        "SR",
        "SJ",
        "SE",
        "CH",
        "SY",
        "TW",
        "TJ",
        "TZ",
        "TH",
        "TL",
        "TG",
        "TK",
        "TO",
        "TT",
        "TN",
        "TR",
        "TM",
        "TC",
        "TV",
        "UG",
        "UA",
        "AE",
        "GB",
        "UM",
        "UY",
        "UZ",
        "VU",
        "VE",
        "VN",
        "VG",
        "VI",
        "WF",
        "EH",
        "YE",
        "ZM",
        "ZW"
      ],
      "DataType": 2
    },
    {
      "Id": 38878,
      "Name": "Approver Email",
      "Options": [
        ""
      ],
      "DataType": 1
    },
    {
      "Id": 38879,
      "Name": "File Auth Domain Validation",
      "Options": [
        "False",
        "True"
      ],
      "DataType": 2
    },
    {
      "Id": 38880,
      "Name": "CName Auth Domain Validation",
      "Options": [
        "False",
        "True"
      ],
      "DataType": 2
    },
    {
      "Id": 38881,
      "Name": "Signature Hash Algorithm",
      "Options": [
        "PREFER_SHA2",
        "REQUIRE_SHA2",
        "PREFER_SHA1",
        ""
      ],
      "DataType": 2
    },
    {
      "Id": 38882,
      "Name": "Web Server Type",
      "Options": [
        "aol",
        "apachessl",
        "apacheraven",
        "apachessleay",
        "iis",
        "iis4",
        "iis5",
        "c2net",
        "Ibmhttp",
        "Ibminternet",
        "Iplanet",
        "Dominogo4625",
        "Dominogo4626",
        "Domino",
        "Netscape",
        "NetscapeFastTrack",
        "zeusv3",
        "Other",
        "apacheopenssl",
        "apache2",
        "apacheapachessl",
        "cobaltseries",
        "covalentserver",
        "cpanel",
        "ensim",
        "hsphere",
        "ipswitch",
        "plesk",
        "tomcat",
        "WebLogic",
        "website",
        "webstar",
        "sapwebserver",
        "webten",
        "redhat",
        "reven",
        "r3ssl",
        "quid",
        "oracle",
        "javawebserver",
        "cisco3000",
        "citrix"
      ],
      "DataType": 2
    },
    {
      "Id": 38883,
      "Name": "Server Count",
      "Options": [
        ""
      ],
      "DataType": 1
    },
    {
      "Id": 38884,
      "Name": "Validity Period (In Months)",
      "Options": [
        "6",
        "12",
        "24",
        "36",
        "48",
        "60"
      ],
      "DataType": 2
    },
    {
      "Id": 38885,
      "Name": "Organization Name",
      "Options": [
        ""
      ],
      "DataType": 1
    },
    {
      "Id": 38886,
      "Name": "Organization Address",
      "Options": [
        ""
      ],
      "DataType": 1
    },
    {
      "Id": 38887,
      "Name": "Organization Region",
      "Options": [
        ""
      ],
      "DataType": 1
    },
    {
      "Id": 38888,
      "Name": "Organization Postal Code",
      "Options": [
        ""
      ],
      "DataType": 1
    },
    {
      "Id": 38889,
      "Name": "Organization Country",
      "Options": [
        ""
      ],
      "DataType": 1
    },
    {
      "Id": 38890,
      "Name": "Organization Phone",
      "Options": [
        ""
      ],
      "DataType": 1
    }
  ],
  "AllowedEnrollmentTypes": 7,
  "TemplateRegexes": [],
  "UseAllowedRequesters": false,
  "AllowedRequesters": [],
  "DisplayName": "Replace Display Name"
}
