{
  "Id": 999999,
  "CommonName": "digi_quickssl_md",
  "TemplateName": "digi_quickssl_md",
  "Oid": "Replace OID",
  "KeySize": "2048",
  "KeyType": "RSA",
  "ForestRoot": "keyfactor.lab",
  "FriendlyName": "Replace Friendly Name",
  "KeyRetention": "AfterExpiration",
  "KeyRetentionDays": 55,
  "KeyArchival": false,
  "EnrollmentFields": [
    {
      "Id": 258154,
      "Name": "DNS Names Comma Separated",
      "Options": [
        ""
      ],
      "DataType": 1
    },
    {
      "Id": 258155,
      "Name": "Is CU Order?",
      "Options": [
        "False",
        "True"
      ],
      "DataType": 2
    },
    {
      "Id": 258156,
      "Name": "Is Renewal Order?",
      "Options": [
        "False",
        "True"
      ],
      "DataType": 2
    },
    {
      "Id": 258157,
      "Name": "Is Trial Order?",
      "Options": [
        "False",
        "True"
      ],
      "DataType": 2
    },
    {
      "Id": 258158,
      "Name": "Admin Contact - First Name",
      "Options": [
        ""
      ],
      "DataType": 1
    },
    {
      "Id": 258159,
      "Name": "Admin Contact - Last Name",
      "Options": [
        ""
      ],
      "DataType": 1
    },
    {
      "Id": 258160,
      "Name": "Admin Contact - Phone",
      "Options": [
        ""
      ],
      "DataType": 1
    },
    {
      "Id": 258161,
      "Name": "Admin Contact - Email",
      "Options": [
        ""
      ],
      "DataType": 1
    },
    {
      "Id": 258162,
      "Name": "Admin Contact - Organization Name",
      "Options": [
        ""
      ],
      "DataType": 1
    },
    {
      "Id": 258163,
      "Name": "Admin Contact - Address",
      "Options": [
        ""
      ],
      "DataType": 1
    },
    {
      "Id": 258164,
      "Name": "Admin Contact - City",
      "Options": [
        ""
      ],
      "DataType": 1
    },
    {
      "Id": 258165,
      "Name": "Admin Contact - Region",
      "Options": [
        ""
      ],
      "DataType": 1
    },
    {
      "Id": 258166,
      "Name": "Admin Contact - Postal Code",
      "Options": [
        ""
      ],
      "DataType": 1
    },
    {
      "Id": 258167,
      "Name": "Admin Contact - Country",
      "Options": [
        "US",
        "AF",
        "AX",
        "AL",
        "DZ",
        "AS",
        "AD",
        "AO",
        "AI",
        "AQ",
        "AG",
        "AR",
        "AM",
        "AW",
        "AU",
        "AT",
        "AZ",
        "BS",
        "BH",
        "BD",
        "BB",
        "BY",
        "BE",
        "BZ",
        "BJ",
        "BM",
        "BT",
        "BO",
        "BQ",
        "BA",
        "BW",
        "BV",
        "BR",
        "IO",
        "BN",
        "BG",
        "BF",
        "BI",
        "CV",
        "KH",
        "CM",
        "CA",
        "KY",
        "CF",
        "TD",
        "CL",
        "CN",
        "CX",
        "CC",
        "CO",
        "KM",
        "CG",
        "CD",
        "CK",
        "CR",
        "CI",
        "HR",
        "CU",
        "CW",
        "CY",
        "CZ",
        "DK",
        "DJ",
        "DM",
        "DO",
        "EC",
        "EG",
        "SV",
        "GQ",
        "ER",
        "EE",
        "SZ",
        "ET",
        "FK",
        "FO",
        "FJ",
        "FI",
        "FR",
        "GF",
        "PF",
        "TF",
        "GA",
        "GM",
        "GE",
        "DE",
        "GH",
        "GI",
        "GR",
        "GL",
        "GD",
        "GP",
        "GU",
        "GT",
        "GG",
        "GN",
        "GW",
        "GY",
        "HT",
        "HM",
        "VA",
        "HN",
        "HK",
        "HU",
        "IS",
        "IN",
        "ID",
        "IR",
        "IQ",
        "IE",
        "IM",
        "IL",
        "IT",
        "JM",
        "JP",
        "JE",
        "JO",
        "KZ",
        "KE",
        "KI",
        "KP",
        "KR",
        "KW",
        "KG",
        "LA",
        "LV",
        "LB",
        "LS",
        "LR",
        "LY",
        "LI",
        "LT",
        "LU",
        "MO",
        "MG",
        "MW",
        "MY",
        "MV",
        "ML",
        "MT",
        "MH",
        "MQ",
        "MR",
        "MU",
        "YT",
        "MX",
        "FM",
        "MD",
        "MC",
        "MN",
        "ME",
        "MS",
        "MA",
        "MZ",
        "MM",
        "NA",
        "NR",
        "NP",
        "NL",
        "NC",
        "NZ",
        "NI",
        "NE",
        "NG",
        "NU",
        "NF",
        "MK",
        "MP",
        "NO",
        "OM",
        "PK",
        "PW",
        "PS",
        "PA",
        "PG",
        "PY",
        "PE",
        "PH",
        "PN",
        "PL",
        "PT",
        "PR",
        "QA",
        "RE",
        "RO",
        "RU",
        "RW",
        "BL",
        "SH",
        "KN",
        "LC",
        "MF",
        "PM",
        "VC",
        "WS",
        "SM",
        "ST",
        "SA",
        "SN",
        "RS",
        "SC",
        "SL",
        "SG",
        "SX",
        "SK",
        "SI",
        "SB",
        "SO",
        "ZA",
        "GS",
        "SS",
        "ES",
        "LK",
        "SD",
        "SR",
        "SJ",
        "SE",
        "CH",
        "SY",
        "TW",
        "TJ",
        "TZ",
        "TH",
        "TL",
        "TG",
        "TK",
        "TO",
        "TT",
        "TN",
        "TR",
        "TM",
        "TC",
        "TV",
        "UG",
        "UA",
        "AE",
        "GB",
        "UM",
        "UY",
        "UZ",
        "VU",
        "VE",
        "VN",
        "VG",
        "VI",
        "WF",
        "EH",
        "YE",
        "ZM",
        "ZW"
      ],
      "DataType": 2
    },
    {
      "Id": 258168,
      "Name": "Technical Contact - First Name",
      "Options": [
        ""
      ],
      "DataType": 1
    },
    {
      "Id": 258169,
      "Name": "Technical Contact - Last Name",
      "Options": [
        ""
      ],
      "DataType": 1
    },
    {
      "Id": 258170,
      "Name": "Technical Contact - Phone",
      "Options": [
        ""
      ],
      "DataType": 1
    },
    {
      "Id": 258171,
      "Name": "Technical Contact - Email",
      "Options": [
        ""
      ],
      "DataType": 1
    },
    {
      "Id": 258172,
      "Name": "Technical Contact - Organization Name",
      "Options": [
        ""
      ],
      "DataType": 1
    },
    {
      "Id": 258173,
      "Name": "Technical Contact - Address",
      "Options": [
        ""
      ],
      "DataType": 1
    },
    {
      "Id": 258174,
      "Name": "Technical Contact - City",
      "Options": [
        ""
      ],
      "DataType": 1
    },
    {
      "Id": 258175,
      "Name": "Technical Contact - Region",
      "Options": [
        ""
      ],
      "DataType": 1
    },
    {
      "Id": 258176,
      "Name": "Technical Contact - Postal Code",
      "Options": [
        ""
      ],
      "DataType": 1
    },
    {
      "Id": 258177,
      "Name": "Technical Contact - Country",
      "Options": [
        "US",
        "AF",
        "AX",
        "AL",
        "DZ",
        "AS",
        "AD",
        "AO",
        "AI",
        "AQ",
        "AG",
        "AR",
        "AM",
        "AW",
        "AU",
        "AT",
        "AZ",
        "BS",
        "BH",
        "BD",
        "BB",
        "BY",
        "BE",
        "BZ",
        "BJ",
        "BM",
        "BT",
        "BO",
        "BQ",
        "BA",
        "BW",
        "BV",
        "BR",
        "IO",
        "BN",
        "BG",
        "BF",
        "BI",
        "CV",
        "KH",
        "CM",
        "CA",
        "KY",
        "CF",
        "TD",
        "CL",
        "CN",
        "CX",
        "CC",
        "CO",
        "KM",
        "CG",
        "CD",
        "CK",
        "CR",
        "CI",
        "HR",
        "CU",
        "CW",
        "CY",
        "CZ",
        "DK",
        "DJ",
        "DM",
        "DO",
        "EC",
        "EG",
        "SV",
        "GQ",
        "ER",
        "EE",
        "SZ",
        "ET",
        "FK",
        "FO",
        "FJ",
        "FI",
        "FR",
        "GF",
        "PF",
        "TF",
        "GA",
        "GM",
        "GE",
        "DE",
        "GH",
        "GI",
        "GR",
        "GL",
        "GD",
        "GP",
        "GU",
        "GT",
        "GG",
        "GN",
        "GW",
        "GY",
        "HT",
        "HM",
        "VA",
        "HN",
        "HK",
        "HU",
        "IS",
        "IN",
        "ID",
        "IR",
        "IQ",
        "IE",
        "IM",
        "IL",
        "IT",
        "JM",
        "JP",
        "JE",
        "JO",
        "KZ",
        "KE",
        "KI",
        "KP",
        "KR",
        "KW",
        "KG",
        "LA",
        "LV",
        "LB",
        "LS",
        "LR",
        "LY",
        "LI",
        "LT",
        "LU",
        "MO",
        "MG",
        "MW",
        "MY",
        "MV",
        "ML",
        "MT",
        "MH",
        "MQ",
        "MR",
        "MU",
        "YT",
        "MX",
        "FM",
        "MD",
        "MC",
        "MN",
        "ME",
        "MS",
        "MA",
        "MZ",
        "MM",
        "NA",
        "NR",
        "NP",
        "NL",
        "NC",
        "NZ",
        "NI",
        "NE",
        "NG",
        "NU",
        "NF",
        "MK",
        "MP",
        "NO",
        "OM",
        "PK",
        "PW",
        "PS",
        "PA",
        "PG",
        "PY",
        "PE",
        "PH",
        "PN",
        "PL",
        "PT",
        "PR",
        "QA",
        "RE",
        "RO",
        "RU",
        "RW",
        "BL",
        "SH",
        "KN",
        "LC",
        "MF",
        "PM",
        "VC",
        "WS",
        "SM",
        "ST",
        "SA",
        "SN",
        "RS",
        "SC",
        "SL",
        "SG",
        "SX",
        "SK",
        "SI",
        "SB",
        "SO",
        "ZA",
        "GS",
        "SS",
        "ES",
        "LK",
        "SD",
        "SR",
        "SJ",
        "SE",
        "CH",
        "SY",
        "TW",
        "TJ",
        "TZ",
        "TH",
        "TL",
        "TG",
        "TK",
        "TO",
        "TT",
        "TN",
        "TR",
        "TM",
        "TC",
        "TV",
        "UG",
        "UA",
        "AE",
        "GB",
        "UM",
        "UY",
        "UZ",
        "VU",
        "VE",
        "VN",
        "VG",
        "VI",
        "WF",
        "EH",
        "YE",
        "ZM",
        "ZW"
      ],
      "DataType": 2
    },
    {
      "Id": 258178,
      "Name": "Approver Email",
      "Options": [
        ""
      ],
      "DataType": 1
    },
    {
      "Id": 258179,
      "Name": "File Auth Domain Validation",
      "Options": [
        "False",
        "True"
      ],
      "DataType": 2
    },
    {
      "Id": 258180,
      "Name": "CName Auth Domain Validation",
      "Options": [
        "False",
        "True"
      ],
      "DataType": 2
    },
    {
      "Id": 258181,
      "Name": "Signature Hash Algorithm",
      "Options": [
        "PREFER_SHA2",
        "REQUIRE_SHA2",
        "PREFER_SHA1",
        ""
      ],
      "DataType": 2
    },
    {
      "Id": 258182,
      "Name": "Web Server Type",
      "Options": [
        "Apache",
        "Barracuda",
        "a Weblogic 7 and older",
        "BEA Weblogic 8 & 9",
        "Cisco",
        "Citrix (Other)",
        "Citrix Access Essentials",
        "Citrix Access Gateway 4.x",
        "Citrix Access Gateway 5.x and higher",
        "cPanel",
        "F5 Big-IP",
        "F5 FirePass",
        "IBM HTTP Server",
        "Java Web Server (Javasoft / Sun)",
        "Juniper",
        "Lighttpd",
        "Lotus Domino",
        "Mac OS X Server",
        "Microsoft Exchange Server 2003",
        "Microsoft Exchange Server 2007",
        "Microsoft Exchange Server 2010",
        "Microsoft Exchange Server 2013",
        "Microsoft Exchange Server 2016",
        "Microsoft Forefront Unified Access Gateway",
        "Microsoft IIS 1.x to 4.x",
        "Microsoft IIS 10",
        "Microsoft IIS 5 or 6",
        "Microsoft IIS 7",
        "Microsoft IIS 8",
        "Microsoft Live Communications Server 2005",
        "Microsoft Lync Server 2010",
        "Microsoft Lync Server 2013",
        "Microsoft OCS R2",
        "Microsoft Office Communications Server 2007",
        "Microsoft Small Business Server 2008 & 2011",
        "Netscape Enterprise Server",
        "Netscape iPlanet",
        "Nginx",
        "Novell iChain",
        "Novell NetWare",
        "Oracle",
        "Qmail",
        "SunOne",
        "Tomcat",
        "WebStar",
        "Zeus Web Server",
        "Other"
      ],
      "DataType": 2
    },
    {
      "Id": 258183,
      "Name": "Server Count",
      "Options": [
        ""
      ],
      "DataType": 1
    },
    {
      "Id": 258184,
      "Name": "Validity Period (In Months)",
      "Options": [
        "6",
        "12",
        "24",
        "36",
        "48",
        "60"
      ],
      "DataType": 2
    },
    {
      "Id": 258185,
      "Name": "Organization Name",
      "Options": [
        ""
      ],
      "DataType": 1
    },
    {
      "Id": 258191,
      "Name": "Organization Jurisdiction Country",
      "Options": [
        ""
      ],
      "DataType": 1
    },
    {
      "Id": 258186,
      "Name": "Organization Address",
      "Options": [
        ""
      ],
      "DataType": 1
    },
    {
      "Id": 258187,
      "Name": "Organization Region",
      "Options": [
        ""
      ],
      "DataType": 1
    },
    {
      "Id": 258188,
      "Name": "Organization Postal Code",
      "Options": [
        ""
      ],
      "DataType": 1
    },
    {
      "Id": 258189,
      "Name": "Organization Country",
      "Options": [
        ""
      ],
      "DataType": 1
    },
    {
      "Id": 258190,
      "Name": "Organization Phone",
      "Options": [
        ""
      ],
      "DataType": 1
    }
  ],
  "AllowedEnrollmentTypes": 7,
  "TemplateRegexes": [],
  "UseAllowedRequesters": false,
  "AllowedRequesters": [],
  "DisplayName": "Replace Friendly Name"
}
