{
  "Id": 999999,
  "CommonName": "digi_ssl_basic-EO",
  "TemplateName": "digi_ssl_basic-EO",
  "Oid": "Replace OID",
  "KeySize": "2048",
  "KeyType": "RSA",
  "ForestRoot": "keyfactor.lab",
  "FriendlyName": "Replace Friendly Name",
  "KeyRetention": "AfterExpiration",
  "KeyRetentionDays": 55,
  "KeyArchival": false,
  "EnrollmentFields": [
    {
      "Id": 61112,
      "Name": "DNS Names Comma Separated",
      "Options": [
        ""
      ],
      "DataType": 1
    },
    {
      "Id": 61122,
      "Name": "Validity Period (In Months)",
      "Options": [
        "12",
        "24",
        "36",
        "48",
        "60",
        "72"
      ],
      "DataType": 2
    },
    {
      "Id": 61132,
      "Name": "Organization ID",
      "Options": [
      ],
      "DataType": 2
    }
  ],
  "AllowedEnrollmentTypes": 7,
  "TemplateRegexes": [],
  "UseAllowedRequesters": false,
  "AllowedRequesters": [],
  "DisplayName": "Replace Display Name"
}
