{
  "Id": 999999,
  "CommonName": "sectigoovssl",
  "TemplateName": "sectigoovssl",
  "Oid": "Replace OID",
  "KeySize": "2048",
  "KeyType": "RSA",
  "ForestRoot": "keyfactor.lab",
  "FriendlyName": "Replace Friendly Name",
  "KeyRetention": "AfterExpiration",
  "KeyRetentionDays": 55,
  "KeyArchival": false,
  "EnrollmentFields": [
   {
      "Id": 18161,
      "Name": "Admin Contact - Email",
      "Options": [
        ""
      ],
      "DataType": 1
    },
   {
      "Id": 18178,
      "Name": "Approver Email",
      "Options": [
        ""
      ],
      "DataType": 1
    },
    {
      "Id": 18184,
      "Name": "Validity Period (In Months)",
      "Options": [
        "12",
        "24",
        "36",
        "48",
        "60"
      ],
      "DataType": 2
    },
    {
      "Id": 18185,
      "Name": "Organization Name",
      "Options": [
        ""
      ],
      "DataType": 1
    },
    {
      "Id": 18186,
      "Name": "Organization Address",
      "Options": [
        ""
      ],
      "DataType": 1
    },
    {
      "Id": 18187,
      "Name": "Organization State/Province",
      "Options": [
        ""
      ],
      "DataType": 1
    },
    {
      "Id": 18188,
      "Name": "Organization Postal Code",
      "Options": [
        ""
      ],
      "DataType": 1
    },
    {
      "Id": 18189,
      "Name": "Organization Country",
      "Options": [
        "US",
        "AF",
        "AX",
        "AL",
        "DZ",
        "AS",
        "AD",
        "AO",
        "AI",
        "AQ",
        "AG",
        "AR",
        "AM",
        "AW",
        "AU",
        "AT",
        "AZ",
        "BS",
        "BH",
        "BD",
        "BB",
        "BY",
        "BE",
        "BZ",
        "BJ",
        "BM",
        "BT",
        "BO",
        "BQ",
        "BA",
        "BW",
        "BV",
        "BR",
        "IO",
        "BN",
        "BG",
        "BF",
        "BI",
        "CV",
        "KH",
        "CM",
        "CA",
        "KY",
        "CF",
        "TD",
        "CL",
        "CN",
        "CX",
        "CC",
        "CO",
        "KM",
        "CG",
        "CD",
        "CK",
        "CR",
        "CI",
        "HR",
        "CU",
        "CW",
        "CY",
        "CZ",
        "DK",
        "DJ",
        "DM",
        "DO",
        "EC",
        "EG",
        "SV",
        "GQ",
        "ER",
        "EE",
        "SZ",
        "ET",
        "FK",
        "FO",
        "FJ",
        "FI",
        "FR",
        "GF",
        "PF",
        "TF",
        "GA",
        "GM",
        "GE",
        "DE",
        "GH",
        "GI",
        "GR",
        "GL",
        "GD",
        "GP",
        "GU",
        "GT",
        "GG",
        "GN",
        "GW",
        "GY",
        "HT",
        "HM",
        "VA",
        "HN",
        "HK",
        "HU",
        "IS",
        "IN",
        "ID",
        "IR",
        "IQ",
        "IE",
        "IM",
        "IL",
        "IT",
        "JM",
        "JP",
        "JE",
        "JO",
        "KZ",
        "KE",
        "KI",
        "KP",
        "KR",
        "KW",
        "KG",
        "LA",
        "LV",
        "LB",
        "LS",
        "LR",
        "LY",
        "LI",
        "LT",
        "LU",
        "MO",
        "MG",
        "MW",
        "MY",
        "MV",
        "ML",
        "MT",
        "MH",
        "MQ",
        "MR",
        "MU",
        "YT",
        "MX",
        "FM",
        "MD",
        "MC",
        "MN",
        "ME",
        "MS",
        "MA",
        "MZ",
        "MM",
        "NA",
        "NR",
        "NP",
        "NL",
        "NC",
        "NZ",
        "NI",
        "NE",
        "NG",
        "NU",
        "NF",
        "MK",
        "MP",
        "NO",
        "OM",
        "PK",
        "PW",
        "PS",
        "PA",
        "PG",
        "PY",
        "PE",
        "PH",
        "PN",
        "PL",
        "PT",
        "PR",
        "QA",
        "RE",
        "RO",
        "RU",
        "RW",
        "BL",
        "SH",
        "KN",
        "LC",
        "MF",
        "PM",
        "VC",
        "WS",
        "SM",
        "ST",
        "SA",
        "SN",
        "RS",
        "SC",
        "SL",
        "SG",
        "SX",
        "SK",
        "SI",
        "SB",
        "SO",
        "ZA",
        "GS",
        "SS",
        "ES",
        "LK",
        "SD",
        "SR",
        "SJ",
        "SE",
        "CH",
        "SY",
        "TW",
        "TJ",
        "TZ",
        "TH",
        "TL",
        "TG",
        "TK",
        "TO",
        "TT",
        "TN",
        "TR",
        "TM",
        "TC",
        "TV",
        "UG",
        "UA",
        "AE",
        "GB",
        "UM",
        "UY",
        "UZ",
        "VU",
        "VE",
        "VN",
        "VG",
        "VI",
        "WF",
        "EH",
        "YE",
        "ZM",
        "ZW"
      ],
      "DataType": 2
    },
    {
      "Id": 18190,
      "Name": "Organization Phone",
      "Options": [
        ""
      ],
      "DataType": 1
    }
  ],
  "AllowedEnrollmentTypes": 7,
  "TemplateRegexes": [],
  "UseAllowedRequesters": false,
  "AllowedRequesters": [],
  "DisplayName": "Replace Display Name"
}
